0.002,101.575
0.004,550.659
0.006,469.206
0.008,998.437
0.01,1628.814
0.012,2190.161
0.014,2643.419
0.016,2235.137
0.018,2532.717
0.02,2899.981
0.022,2870.258
0.024,3010.412
0.026,3136.576
0.028,3116.194
0.03,3089.588
0.032,3062.983
0.034,3062.654
0.036,3092.28
0.038,3121.937
0.04,3151.443
0.042,3171.414
0.044,3185.719
0.046,3196.143
0.048,3181.313
0.05,3162.16
0.052,3152.616
0.054,3148.123
0.056,3137.615
0.058,3114.138
0.06,3110.614
0.062,3107.09
0.064,3103.773
0.066,3100.71
0.068,3097.648
0.07,3093.993
0.072,3087.91
0.074,3081.564
0.076,3075.219
0.078,3068.874
0.08,3062.534
0.082,3057.864
0.084,3054.506
0.086,3051.148
0.088,3047.81
0.09,3045.797
0.092,3044.577
0.094,3043.145
0.096,3027.974
0.098,3011.589
0.1,2998.687
0.102,2989.4
0.104,2981.681
0.106,2975.92
0.108,2970.844
0.11,2966.456
0.112,2968.103
0.114,2971.161
0.116,2974.225
0.118,2978.929
0.12,2984.929
0.122,2990.93
0.124,2996.93
0.126,3001.51
0.128,3001.522
0.13,3001.188
0.132,3000.853
0.134,3000.664
0.136,3003.031
0.138,3006.336
0.14,3009.642
0.142,3012.947
0.144,3016.253
0.146,3015.387
0.148,3009.793
0.15,3004.194
0.152,2998.6
0.154,2995.001
0.156,2993.079
0.158,2991.157
0.16,2989.2
0.162,2986.394
0.164,2983.222
0.166,2980.764
0.168,2983.244
0.17,2986.665
0.172,2990.086
0.174,2993.507
0.176,2996.928
0.178,3000.427
0.18,3004.159
0.182,3007.885
0.184,3009.064
0.186,3008.487
0.188,3007.91
0.19,3007.333
0.192,3006.756
0.194,3006.179
0.196,3005.602
0.198,3005.025
0.2,3004.331
0.202,3002.32
0.204,2999.941
0.206,2997.563
0.208,2995.184
0.21,2992.805
0.212,2990.427
0.214,2988.998
0.216,2988.491
0.218,2987.983
0.22,2987.475
0.222,2986.967
0.224,2986.459
0.226,2985.952
0.228,2985.444
0.23,2984.936
0.232,2984.434
0.234,2985.06
0.236,2986.522
0.238,2987.984
0.24,2989.446
0.242,2990.908
0.244,2992.37
0.246,2993.833
0.248,2995.295
0.25,2996.757
0.252,2998.219
0.254,2999.134
0.256,2998.707
0.258,2998.218
0.26,2997.73
0.262,2997.242
0.264,2996.754
0.266,2996.265
0.268,2995.777
0.27,2995.289
0.272,2994.801
0.274,2994.512
0.276,2995.887
0.278,2997.635
0.28,2999.383
0.282,3001.13
0.284,3002.878
0.286,3004.626
0.288,3006.374
0.29,3008.122
0.292,3009.87
0.294,3011.617
0.296,3013.365
0.298,3014.318
0.3,3014.115
0.302,3013.903
0.304,3013.692
0.306,3013.48
0.308,3013.268
0.31,3013.056
0.312,3012.844
0.314,3012.632
0.316,3012.42
0.318,3012.208
0.32,3011.996
0.322,3012.26
0.324,3013.027
0.326,3013.795
0.328,3014.563
0.33,3015.331
0.332,3016.099
0.334,3016.866
0.336,3017.634
0.338,3018.402
0.34,3019.17
0.342,3019.937
0.344,3020.705
0.346,3021.473
0.348,3021.997
0.35,3022.137
0.352,3022.271
0.355,3022.439
0.36,3022.691
0.366,3023.068
0.376,3023.631
0.386,3024.43
0.396,3027.739
0.406,3032.019
0.416,3036.474
0.426,3043.277
0.436,3071.411
0.446,3067.015
0.456,3048.95
0.466,3033.443
0.476,3060.044
0.486,3056.489
0.496,3068.891
0.506,3050.231
0.516,3062.33
0.526,3062.608
0.536,3086.629
0.546,3076.247
0.556,3091.835
0.566,3098.864
0.576,3098.913
0.586,3099.339
0.596,3099.718
0.606,3097.779
0.616,3100.684
0.626,3116.025
0.636,3111.33
0.646,3116.493
0.656,3125.61
0.666,3134.029
0.676,3141.89
0.686,3149.752
0.696,3157.614
0.706,3165.595
0.716,3175.402
0.726,3185.828
0.736,3196.4
0.746,3207.66
0.756,3218.975
0.766,3229.496
0.776,3239.679
0.786,3249.808
0.796,3259.186
0.806,3268.324
0.816,3277.463
0.826,3285.287
0.836,3289.46
0.846,3293.418
0.856,3297.377
0.866,3301.386
0.876,3306.35
0.886,3311.679
0.896,3317.008
0.906,3322.365
0.916,3327.865
0.926,3333.382
0.936,3338.9
0.946,3343.89
0.956,3346.418
0.966,3348.634
0.976,3350.849
0.986,3353.065
0.996,3354.621
1.006,3353.098
1.016,3351.185
1.026,3349.273
1.036,3347.764
1.046,3349.722
1.056,3352.475
1.066,3355.228
1.076,3358.196
1.086,3361.408
1.096,3364.621
1.106,3367.455
1.116,3368.162
1.126,3368.536
1.136,3368.911
1.146,3369.347
1.156,3370.667
1.166,3372.276
1.176,3373.878
1.186,3375.405
1.196,3376.911
1.206,3378.418
1.216,3379.924
1.226,3381.4
1.236,3382.86
1.246,3384.32
1.256,3384.977
1.266,3384.534
1.276,3384.085
1.286,3383.733
1.296,3384.433
1.306,3385.42
1.316,3386.439
1.326,3388.88
1.336,3392.093
1.346,3395.305
1.356,3398.273
1.366,3400.572
1.376,3402.833
1.386,3405.169
1.396,3409.639
1.406,3415.083
1.416,3420.528
1.426,3429.633
1.436,3442.158
1.446,3445.835
1.456,3436.609
1.466,3431.534
1.476,3426.725
1.486,3422.075
1.496,3417.461
1.506,3414.12
1.516,3414.896
1.526,3415.986
1.536,3416.882
1.546,3417.331
1.556,3417.762
1.566,3418.162
1.576,3415.826
1.586,3411.733
1.596,3407.639
1.606,3403.546
1.616,3399.127
1.626,3392.495
1.636,3385.447
1.646,3378.399
1.656,3371.351
1.666,3366.392
1.676,3363.777
1.686,3361.163
1.696,3358.55
1.706,3355.022
1.716,3349.031
1.726,3342.904
1.736,3336.777
1.746,3330.929
1.756,3328.939
1.766,3328.181
1.776,3327.423
1.786,3326.643
1.796,3324.009
1.806,3320.202
1.816,3316.395
1.826,3312.588
1.836,3308.772
1.846,3304.225
1.856,3299.216
1.866,3293.899
1.876,3282.845
1.886,3269.63
1.896,3258.71
1.906,3251.437
1.916,3244.21
1.926,3236.984
1.936,3229.718
1.946,3222.399
1.956,3215.08
1.966,3207.759
1.976,3198.411
1.986,3187.244
1.996,3176.077
2.006,3165.158
2.016,3155.864
2.026,3146.864
2.036,3137.864
2.046,3127.5
2.056,3114.13
2.066,3098.687
2.076,3078.925
2.086,3058.418
2.096,3035.75
2.106,3013.995
2.116,2999.374
2.126,2986.02
2.136,2971.718
2.146,2953.976
2.156,2935.922
2.166,2918.259
2.176,2904.454
2.186,2891.633
2.196,2878.812
2.206,2865.991
2.216,2852.689
2.226,2837.942
2.236,2823.096
2.246,2808.25
2.256,2793.404
2.266,2780.736
2.276,2770.322
2.286,2759.908
2.296,2751.078
2.306,2747.851
2.316,2745.116
2.326,2727.162
2.336,2709.499
2.346,2689.858
2.356,2660.946
2.366,2640.14
2.376,2600.01
2.386,2670.215
2.396,2827.081
2.406,2766.191
2.416,3075.48
2.426,2350.37
2.436,1963.619
2.446,1716.589
2.456,1728.859
2.466,1627.117
2.476,1643.482
2.486,1644.243
2.496,1631.541
2.506,1602.542
2.516,1535.447
2.526,1572.25
2.536,1551.978
2.546,1568.194
2.556,1551.801
2.566,1538.714
2.576,1528.421
2.586,1519.439
2.596,1513.261
2.606,1506.255
2.616,1495.614
2.626,1484.573
2.636,1473.524
2.646,1464.883
2.656,1457.299
2.666,1449.478
2.676,1441.347
2.686,1435.599
2.696,1432.426
2.706,1428.481
2.716,1419.538
2.726,1411.427
2.736,1404.844
2.746,1397.644
2.756,1385.575
2.766,1382.589
2.776,1381.884
2.786,1376.493
2.796,1367.684
2.806,1359.294
2.816,1355.101
2.826,1351.991
2.836,1347.679
2.846,1341.164
2.856,1334.602
2.866,1333.381
2.876,1333.411
2.886,1316.742
2.896,1332.307
2.906,1308.001
2.916,1299.53
2.926,1295.056
2.936,1290.583
2.946,1285.767
2.956,1279.476
2.966,1273.015
2.976,1264.726
2.986,1253.655
2.996,1242.555
3.006,1233.886
3.016,1228.905
3.026,1223.962
3.036,1219.016
3.046,1212.25
3.056,1203.925
3.066,1195.6
3.076,1187.277
3.086,1180.435
3.096,1174.858
3.106,1169.282
3.116,1163.705
3.126,1158.462
3.136,1155.293
3.146,1152.482
3.156,1149.67
3.166,1146.525
3.176,1141.687
3.186,1136.612
3.196,1131.537
3.206,1125.723
3.216,1118.35
3.226,1110.776
3.236,1102.051
3.246,1093.036
3.256,1080.958
3.266,1062.951
3.276,1033.783
3.286,1025.536
3.296,1016.988
3.306,1004.952
3.316,991.959
3.326,977.313
3.336,961.208
3.346,941.65
3.356,918.356
3.366,888.878
3.376,850.588
3.386,819.059
3.396,790.092
3.406,734.419
3.416,694.769
3.426,659.447
3.436,623.134
3.446,585.577
3.456,558.203
3.466,542.734
3.476,520.99
3.486,493.232
3.496,466.926
3.506,446.315
3.516,426.282
3.526,406.504
3.536,387.317
3.546,368.038
3.556,347.496
3.566,326.889
3.576,310.28
3.586,295.894
3.596,283.012
3.606,261.161
3.616,224.705
3.626,345.348
3.636,270.29
3.646,209.967
3.656,185.995
3.666,155.587
3.676,143.208
3.686,125.753
3.696,109.689
3.706,99.553
3.716,87.198
3.726,77.886
3.736,71.284
3.746,66.433
3.756,53.226
3.766,42.847
3.776,37.767
3.786,32.156
3.796,27.072
3.806,25.632
3.816,24.657
3.826,22.062
3.836,19.134
3.846,16.648
3.856,14.386
3.866,13.693
3.876,13.462
3.886,12.634
3.896,9.995
3.902,5.646
3.911,0
3.921,0
3.931,0
3.941,0
3.951,0
3.961,0
3.971,0
3.981,0
3.991,0
4.001,0
4.011,0
4.021,0
4.031,0
4.041,0
4.051,0
4.061,0
4.071,0
4.081,0
4.091,0
4.101,0
4.111,0
4.121,0
4.131,0
4.141,0
4.151,0
4.161,0
4.171,0
4.181,0
4.191,0
4.201,0
4.211,0
4.221,0
4.231,0
4.241,0
4.251,0
4.261,0
4.271,0
4.281,0
4.291,0
4.301,0
4.311,0
4.321,0
4.331,0
4.341,0
4.351,0
4.361,0
4.371,0
4.381,0
4.391,0
4.401,0
4.411,0
4.421,0
4.431,0
4.441,0
4.451,0
4.461,0
4.471,0
4.481,0
4.491,0
4.501,0
4.511,0
4.521,0
4.531,0
4.541,0
4.551,0
4.561,0
4.571,0
4.581,0
4.591,0
4.601,0
4.611,0
4.621,0
4.631,0
4.641,0
4.651,0
4.661,0
4.671,0
4.681,0
4.691,0
4.701,0
4.711,0
4.721,0
4.731,0
4.741,0
4.751,0
4.761,0
4.771,0
4.781,0
4.791,0
4.801,0
4.811,0
4.821,0
4.831,0
4.841,0
4.851,0
4.861,0
4.871,0
4.881,0
4.891,0
4.901,0
4.911,0
4.921,0
4.931,0
4.941,0
4.951,0
4.961,0
4.971,0
4.981,0
4.991,0
5.001,0
5.011,0
5.021,0
5.031,0
5.041,0
5.051,0
5.061,0
5.071,0
5.081,0
5.091,0
5.101,0
5.111,0
5.121,0
5.131,0
5.141,0
5.151,0
5.161,0
5.171,0
5.181,0
5.191,0
5.201,0
5.211,0
5.221,0
5.231,0
5.241,0
5.251,0
5.261,0
5.271,0
5.281,0
5.291,0
5.301,0
5.311,0
5.321,0
5.331,0
5.341,0
5.351,0
5.361,0
5.371,0
5.381,0
5.391,0
5.401,0
5.411,0
5.421,0
5.431,0
5.441,0
5.451,0
5.461,0
5.471,0
5.481,0
5.491,0
5.501,0
5.511,0
5.521,0
5.531,0
5.541,0
5.551,0
5.561,0
5.571,0
5.581,0
5.591,0
5.601,0
5.611,0
5.621,0
5.631,0
5.641,0
5.651,0
5.661,0
5.671,0
5.681,0
5.691,0
5.701,0
5.711,0
5.721,0
5.731,0
5.741,0
5.751,0
5.761,0
5.771,0
5.781,0
5.791,0
5.801,0
5.811,0
5.821,0
5.831,0
5.841,0
5.851,0
5.861,0
5.871,0
5.881,0
5.891,0
5.901,0
5.911,0
5.921,0
5.931,0
5.941,0
5.951,0
5.961,0
5.971,0
5.981,0
5.991,0
6.001,0
6.011,0
6.021,0
6.031,0
6.041,0
6.051,0
6.061,0
6.071,0
6.081,0
6.091,0
6.101,0
6.111,0
6.121,0
6.131,0
6.141,0
6.151,0
6.161,0
6.171,0
6.181,0
6.191,0
6.201,0
6.211,0
6.221,0
6.231,0
6.241,0
6.251,0
6.261,0
6.271,0
6.281,0
6.291,0
6.301,0
6.311,0
6.321,0
6.331,0
6.341,0
6.351,0
6.361,0
6.371,0
6.381,0
6.391,0
6.401,0
6.411,0
6.421,0
6.431,0
6.441,0
6.451,0
6.461,0
6.471,0
6.481,0
6.491,0
6.501,0
6.511,0
6.521,0
6.531,0
6.541,0
6.551,0
6.561,0
6.571,0
6.581,0
6.591,0
6.601,0
6.611,0
6.621,0
6.631,0
6.641,0
6.651,0
6.661,0
6.671,0
6.681,0
6.691,0
6.701,0
6.711,0
6.721,0
6.731,0
6.741,0
6.751,0
6.761,0
6.771,0
6.781,0
6.791,0
6.801,0
6.811,0
6.821,0
6.831,0
6.841,0
6.851,0
6.861,0
6.871,0
6.881,0
6.891,0
6.901,0
6.911,0
6.921,0
6.931,0
6.941,0
6.951,0
6.961,0
6.971,0
6.981,0
6.991,0
7.001,0
7.011,0
7.021,0
7.031,0
7.041,0
7.051,0
7.061,0
7.071,0
7.081,0
7.091,0
7.101,0
7.111,0
7.121,0
7.131,0
7.141,0
7.151,0
7.161,0
7.171,0
7.181,0
7.191,0
7.201,0
7.211,0
7.221,0
7.231,0
7.241,0
7.251,0
7.261,0
7.271,0
7.281,0
7.291,0
7.301,0
7.311,0
7.321,0
7.331,0
7.341,0
7.351,0
7.361,0
7.371,0
7.381,0
7.391,0
7.401,0
7.411,0
7.421,0
7.431,0
7.441,0
7.451,0
7.461,0
7.471,0
7.481,0
7.491,0
7.501,0
7.511,0
7.521,0
7.531,0
7.541,0
7.551,0
7.561,0
7.571,0
7.581,0
7.591,0
7.601,0
7.611,0
7.621,0
7.631,0
7.641,0
7.651,0
7.661,0
7.671,0
7.681,0
7.691,0
7.701,0
7.711,0
7.721,0
7.731,0
7.741,0
7.751,0
7.761,0
7.771,0
7.781,0
7.791,0
7.801,0
7.811,0
7.821,0
7.831,0
7.841,0
7.851,0
7.861,0
7.871,0
7.881,0
7.891,0
7.901,0
7.911,0
7.921,0
7.931,0
7.941,0
7.951,0
7.961,0
7.971,0
7.981,0
7.991,0
8.001,0
8.011,0
8.021,0
8.031,0
8.041,0
8.051,0
8.061,0
8.071,0
8.081,0
8.091,0
8.101,0
8.111,0
8.121,0
8.131,0
8.141,0
8.151,0
8.161,0
8.171,0
8.181,0
8.191,0
8.201,0
8.211,0
8.221,0
8.231,0
8.241,0
8.251,0
8.261,0
8.271,0
8.281,0
8.291,0
8.301,0
8.311,0
8.321,0
8.331,0
8.341,0
8.351,0
8.361,0
8.371,0
8.381,0
8.391,0
8.401,0
8.411,0
8.421,0
8.431,0
8.441,0
8.451,0
8.461,0
8.471,0
8.481,0
8.491,0
8.501,0
8.511,0
8.521,0
8.531,0
8.541,0
8.551,0
8.561,0
8.571,0
8.581,0
8.591,0
8.601,0
8.611,0
8.621,0
8.631,0
8.641,0
8.651,0
8.661,0
8.671,0
8.681,0
8.691,0
8.701,0
8.711,0
8.721,0
8.731,0
8.741,0
8.751,0
8.761,0
8.771,0
8.781,0
8.791,0
8.801,0
8.811,0
8.821,0
8.831,0
8.841,0
8.851,0
8.861,0
8.871,0
8.881,0
8.891,0
8.901,0
8.911,0
8.921,0
8.931,0
8.941,0
8.951,0
8.961,0
8.971,0
8.981,0
8.991,0
9.001,0
9.011,0
9.021,0
9.031,0
9.041,0
9.051,0
9.061,0
9.071,0
9.081,0
9.091,0
9.101,0
9.111,0
9.121,0
9.131,0
9.141,0
9.151,0
9.161,0
9.171,0
9.181,0
9.191,0
9.201,0
9.211,0
9.221,0
9.231,0
9.241,0
9.251,0
9.261,0
9.271,0
9.281,0
9.291,0
9.301,0
9.311,0
9.321,0
9.331,0
9.341,0
9.351,0
9.361,0
9.371,0
9.381,0
9.391,0
9.401,0
9.411,0
9.421,0
9.431,0
9.441,0
9.451,0
9.461,0
9.471,0
9.481,0
9.491,0
9.501,0
9.511,0
9.521,0
9.531,0
9.541,0
9.551,0
9.561,0
9.571,0
9.581,0
9.591,0
9.601,0
9.611,0
9.621,0
9.631,0
9.641,0
9.651,0
9.661,0
9.671,0
9.681,0
9.691,0
9.701,0
9.711,0
9.721,0
9.731,0
9.741,0
9.751,0
9.761,0
9.771,0
9.781,0
9.791,0
9.801,0
9.811,0
9.821,0
9.831,0
9.841,0
9.851,0
9.861,0
9.871,0
9.881,0
9.891,0
9.901,0
9.911,0
9.921,0
9.931,0
9.941,0
9.951,0
9.961,0
9.971,0
9.981,0
9.991,0
10.001,0
10.011,0
10.021,0
10.031,0
10.041,0
10.051,0
10.061,0
10.071,0
10.081,0
10.091,0
10.101,0
10.111,0
10.121,0
10.131,0
10.141,0
10.151,0
10.161,0
10.171,0
10.181,0
10.191,0
10.201,0
10.211,0
10.221,0
10.231,0
10.241,0
10.251,0
10.261,0
10.271,0
10.281,0
10.291,0
10.301,0
10.311,0
10.321,0
10.331,0
10.341,0
10.351,0
10.361,0
10.371,0
10.381,0
10.391,0
10.401,0
10.411,0
10.421,0
10.431,0
10.441,0
10.451,0
10.461,0
10.471,0
10.481,0
10.491,0
10.501,0
10.511,0
10.521,0
10.531,0
10.541,0
10.551,0
10.561,0
10.571,0
10.581,0
10.591,0
10.601,0
10.611,0
10.621,0
10.631,0
10.641,0
10.651,0
10.661,0
10.671,0
10.681,0
10.691,0
10.701,0
10.711,0
10.721,0
10.731,0
10.741,0
10.751,0
10.761,0
10.771,0
10.781,0
10.791,0
10.801,0
10.811,0
10.821,0
10.831,0
10.841,0
10.851,0
10.861,0
10.871,0
10.881,0
10.891,0
10.901,0
10.911,0
10.921,0
10.931,0
10.941,0
10.951,0
10.961,0
10.971,0
10.981,0
10.991,0
11.001,0
11.011,0
11.021,0
11.031,0
11.041,0
11.051,0
11.061,0
11.071,0
11.081,0
11.091,0
11.101,0
11.111,0
11.121,0
11.131,0
11.141,0
11.151,0
11.161,0
11.171,0
11.181,0
11.191,0
11.201,0
11.211,0
11.221,0
11.231,0
11.241,0
11.251,0
11.261,0
11.271,0
11.281,0
11.291,0
11.301,0
11.311,0
11.321,0
11.331,0
11.341,0
11.351,0
11.361,0
11.371,0
11.381,0
11.391,0
11.401,0
11.411,0
11.421,0
11.431,0
11.441,0
11.451,0
11.461,0
11.471,0
11.481,0
11.491,0
11.501,0
11.511,0
11.521,0
11.531,0
11.541,0
11.551,0
11.561,0
11.571,0
11.581,0
11.591,0
11.601,0
11.611,0
11.621,0
11.631,0
11.641,0
11.651,0
11.661,0
11.671,0
11.681,0
11.691,0
11.701,0
11.711,0
11.721,0
11.731,0
11.741,0
11.751,0
11.761,0
11.771,0
11.781,0
11.791,0
11.801,0
11.811,0
11.821,0
11.831,0
11.841,0
11.851,0
11.861,0
11.871,0
11.881,0
11.891,0
11.901,0
11.911,0
11.921,0
11.931,0
11.941,0
11.951,0
11.961,0
11.971,0
11.981,0
11.991,0
12.001,0
12.011,0
12.021,0
12.031,0
12.041,0
12.051,0
12.061,0
12.071,0
12.081,0
12.091,0
12.101,0
12.111,0
12.121,0
12.131,0
12.141,0
12.151,0
12.161,0
12.171,0
12.181,0
12.191,0
12.201,0
12.211,0
12.221,0
12.231,0
12.241,0
12.251,0
12.261,0
12.271,0
12.281,0
12.291,0
12.301,0
12.311,0
12.321,0
12.331,0
12.341,0
12.351,0
12.361,0
12.371,0
12.381,0
12.391,0
12.401,0
12.411,0
12.421,0
12.431,0
12.441,0
12.451,0
12.461,0
12.471,0
12.481,0
12.491,0
12.501,0
12.511,0
12.521,0
12.531,0
12.541,0
12.551,0
12.561,0
12.571,0
12.581,0
12.591,0
12.601,0
12.611,0
12.621,0
12.631,0
12.641,0
12.651,0
12.661,0
12.671,0
12.681,0
12.691,0
12.701,0
12.711,0
12.721,0
12.731,0
12.741,0
12.751,0
12.761,0
12.771,0
12.781,0
12.791,0
12.801,0
12.811,0
12.821,0
12.831,0
12.841,0
12.851,0
12.861,0
12.871,0
12.881,0
12.891,0
12.901,0
12.911,0
12.921,0
12.931,0
12.941,0
12.951,0
12.961,0
12.971,0
12.981,0
12.991,0
13.001,0
13.011,0
13.021,0
13.031,0
13.041,0
13.051,0
13.061,0
13.071,0
13.081,0
13.091,0
13.101,0
13.111,0
13.121,0
13.131,0
13.141,0
13.151,0
13.161,0
13.171,0
13.181,0
13.191,0
13.201,0
13.211,0
13.221,0
13.231,0
13.241,0
13.251,0
13.261,0
13.271,0
13.281,0
13.291,0
13.301,0
13.311,0
13.321,0
13.331,0
13.341,0
13.351,0
13.361,0
13.371,0
13.381,0
13.391,0
13.401,0
13.411,0
13.421,0
13.431,0
13.441,0
13.451,0
13.461,0
13.471,0
13.481,0
13.491,0
13.501,0
13.511,0
13.521,0
13.531,0
13.541,0
13.551,0
13.561,0
13.571,0
13.581,0
13.591,0
13.601,0
13.611,0
13.621,0
13.631,0
13.641,0
13.651,0
13.661,0
13.671,0
13.681,0
13.691,0
13.701,0
13.711,0
13.721,0
13.731,0
13.741,0
13.751,0
13.761,0
13.771,0
13.781,0
13.791,0
13.801,0
13.811,0
13.821,0
13.831,0
13.841,0
13.851,0
13.861,0
13.871,0
13.881,0
13.891,0
13.901,0
13.911,0
13.921,0
13.931,0
13.941,0
13.951,0
13.961,0
13.971,0
13.981,0
13.991,0
14.001,0
14.011,0
14.021,0
14.031,0
14.041,0
14.051,0
14.061,0
14.071,0
14.081,0
14.091,0
14.101,0
14.111,0
14.121,0
14.131,0
14.141,0
14.151,0
14.161,0
14.171,0
14.181,0
14.191,0
14.201,0
14.211,0
14.221,0
14.231,0
14.241,0
14.251,0
14.261,0
14.271,0
14.281,0
14.291,0
14.301,0
14.311,0
14.321,0
14.331,0
14.341,0
14.351,0
14.361,0
14.371,0
14.381,0
14.391,0
14.401,0
14.411,0
14.421,0
14.431,0
14.441,0
14.451,0
14.461,0
14.471,0
14.481,0
14.491,0
14.501,0
14.511,0
14.521,0
14.531,0
14.541,0
14.551,0
14.561,0
14.571,0
14.581,0
14.591,0
14.601,0
14.611,0
14.621,0
14.631,0
14.641,0
14.651,0
14.661,0
14.671,0
14.681,0
14.691,0
14.701,0
14.711,0
14.721,0
14.731,0
14.741,0
14.751,0
14.761,0
14.771,0
14.781,0
14.791,0
14.801,0
14.811,0
14.821,0
14.831,0
14.841,0
14.851,0
14.861,0
14.871,0
14.881,0
14.891,0
14.901,0
14.911,0
14.921,0
14.931,0
14.941,0
14.951,0
14.961,0
14.971,0
14.981,0
14.991,0
15.001,0
15.011,0
15.021,0
15.031,0
15.041,0
15.051,0
15.061,0
15.071,0
15.081,0
15.091,0
15.101,0
15.111,0
15.121,0
15.131,0
15.141,0
15.151,0
15.161,0
15.171,0
15.181,0
15.191,0
15.201,0
15.211,0
15.221,0
15.231,0
15.241,0
15.251,0
15.261,0
15.271,0
15.281,0
15.291,0
15.301,0
15.311,0
15.321,0
15.331,0
15.341,0
15.351,0
15.361,0
15.371,0
15.381,0
15.391,0
15.401,0
15.411,0
15.421,0
15.431,0
15.441,0
15.451,0
15.461,0
15.471,0
15.481,0
15.491,0
15.501,0
15.511,0
15.521,0
15.531,0
15.541,0
15.551,0
15.561,0
15.571,0
15.581,0
15.591,0
15.601,0
15.611,0
15.621,0
15.631,0
15.641,0
15.651,0
15.661,0
15.671,0
15.681,0
15.691,0
15.701,0
15.711,0
15.721,0
15.731,0
15.741,0
15.751,0
15.761,0
15.771,0
15.781,0
15.791,0
15.801,0
15.811,0
15.821,0
15.831,0
15.841,0
15.851,0
15.861,0
15.871,0
15.881,0
15.891,0
15.901,0
15.911,0
15.921,0
15.931,0
15.941,0
15.951,0
15.961,0
15.971,0
15.981,0
15.991,0
16.001,0
16.011,0
16.021,0
16.031,0
16.041,0
16.051,0
16.061,0
16.071,0
16.081,0
16.091,0
16.101,0
16.111,0
16.121,0
16.131,0
16.141,0
16.151,0
16.161,0
16.171,0
16.181,0
16.191,0
16.201,0
16.211,0
16.221,0
16.231,0
16.241,0
16.251,0
16.261,0
16.271,0
16.281,0
16.291,0
16.301,0
16.311,0
16.321,0
16.331,0
16.341,0
16.351,0
16.361,0
16.371,0
16.381,0
16.391,0
16.401,0
16.411,0
16.421,0
16.431,0
16.441,0
16.451,0
16.461,0
16.471,0
16.481,0
16.491,0
16.501,0
16.511,0
16.521,0
16.531,0
16.541,0
16.551,0
16.561,0
16.571,0
16.581,0
16.591,0
16.601,0
16.611,0
16.621,0
16.631,0
16.641,0
16.651,0
16.661,0
16.671,0
16.681,0
16.691,0
16.701,0
16.711,0
16.721,0
16.731,0
16.741,0
16.751,0
16.761,0
16.771,0
16.781,0
16.791,0
16.801,0
16.811,0
16.821,0
16.831,0
16.841,0
16.851,0
16.861,0
16.871,0
16.881,0
16.891,0
16.901,0
16.911,0
16.921,0
16.931,0
16.941,0
16.951,0
16.961,0
16.971,0
16.981,0
16.991,0
17.001,0
17.011,0
17.021,0
17.031,0
17.041,0
17.051,0
17.061,0
17.071,0
17.081,0
17.091,0
17.101,0
17.111,0
17.121,0
17.131,0
17.141,0
17.151,0
17.161,0
17.171,0
17.181,0
17.191,0
17.201,0
17.211,0
17.221,0
17.231,0
17.241,0
17.251,0
17.261,0
17.271,0
17.281,0
17.291,0
17.301,0
17.311,0
17.321,0
17.331,0
17.341,0
17.351,0
17.361,0
17.371,0
17.381,0
17.391,0
17.401,0
17.411,0
17.421,0
17.431,0
17.441,0
17.451,0
17.461,0
17.471,0
17.481,0
17.491,0
17.501,0
17.511,0
17.521,0
17.531,0
17.541,0
17.551,0
17.561,0
17.571,0
17.581,0
17.591,0
17.601,0
17.611,0
17.621,0
17.631,0
17.641,0
17.651,0
17.661,0
17.671,0
17.681,0
17.691,0
17.701,0
17.711,0
17.721,0
17.731,0
17.741,0
17.751,0
17.761,0
17.771,0
17.781,0
17.791,0
17.801,0
17.811,0
17.821,0
17.831,0
17.841,0
17.851,0
17.861,0
17.871,0
17.881,0
17.891,0
17.901,0
17.911,0
17.921,0
17.931,0
17.941,0
17.951,0
17.961,0
17.971,0
17.981,0
17.991,0
18.001,0
18.011,0
18.021,0
18.031,0
18.041,0
18.051,0
18.061,0
18.071,0
18.081,0
18.091,0
18.101,0
18.111,0
18.121,0
18.131,0
18.141,0
18.151,0
18.161,0
18.171,0
18.181,0
18.191,0
18.201,0
18.211,0
18.221,0
18.231,0
18.241,0
18.251,0
18.261,0
18.271,0
18.281,0
18.291,0
18.301,0
18.311,0
18.321,0
18.331,0
18.341,0
18.351,0
18.361,0
18.371,0
18.381,0
18.391,0
18.401,0
18.411,0
18.421,0
18.431,0
18.441,0
18.451,0
18.461,0
18.471,0
18.481,0
18.491,0
18.501,0
18.511,0
18.521,0
18.531,0
18.541,0
18.551,0
18.561,0
18.571,0
18.581,0
18.591,0
18.601,0
18.611,0
18.621,0
18.631,0
18.641,0
18.651,0
18.661,0
18.671,0
18.681,0
18.691,0
18.701,0
18.711,0
18.721,0
18.731,0
18.741,0
18.751,0
18.761,0
18.771,0
18.781,0
18.791,0
18.801,0
18.811,0
18.821,0
18.831,0
18.841,0
18.851,0
18.861,0
18.871,0
18.881,0
18.891,0
18.901,0
18.911,0
18.921,0
18.931,0
18.941,0
18.951,0
18.961,0
18.971,0
18.981,0
18.991,0
19.001,0
19.011,0
19.021,0
19.031,0
19.041,0
19.051,0
19.061,0
19.071,0
19.081,0
19.091,0
19.101,0
19.111,0
19.121,0
19.131,0
19.141,0
19.151,0
19.161,0
19.171,0
19.181,0
19.191,0
19.201,0
19.211,0
19.221,0
19.231,0
19.241,0
19.251,0
19.261,0
19.271,0
19.281,0
19.291,0
19.301,0
19.311,0
19.321,0
19.331,0
19.341,0
19.351,0
19.361,0
19.371,0
19.381,0
19.391,0
19.401,0
19.411,0
19.421,0
19.431,0
19.441,0
19.451,0
19.461,0
19.471,0
19.481,0
19.491,0
19.501,0
19.511,0
19.521,0
19.531,0
19.541,0
19.551,0
19.561,0
19.571,0
19.581,0
19.591,0
19.601,0
19.611,0
19.621,0
19.631,0
19.641,0
19.651,0
19.661,0
19.671,0
19.681,0
19.691,0
19.701,0
19.711,0
19.721,0
19.731,0
19.741,0
19.751,0
19.761,0
19.771,0
19.781,0
19.791,0
19.801,0
19.811,0
19.821,0
19.831,0
19.841,0
19.851,0
19.861,0
19.871,0
19.881,0
19.891,0
19.901,0
19.911,0
19.921,0
19.931,0
19.941,0
19.951,0
19.961,0
19.971,0
19.981,0
19.991,0
20.001,0
20.011,0
20.021,0
20.031,0
20.041,0
20.051,0
20.061,0
20.071,0
20.081,0
20.091,0
20.101,0
20.111,0
20.121,0
20.131,0
20.141,0
20.151,0
20.161,0
20.171,0
20.181,0
20.191,0
20.201,0
20.211,0
20.221,0
20.231,0
20.241,0
20.251,0
20.261,0
20.271,0
20.281,0
20.291,0
20.301,0
20.311,0
20.321,0
20.331,0
20.341,0
20.351,0
20.361,0
20.371,0
20.381,0
20.391,0
20.401,0
20.411,0
20.421,0
20.431,0
20.441,0
20.451,0
20.461,0
20.471,0
20.481,0
20.491,0
20.501,0
20.511,0
20.521,0
20.531,0
20.541,0
20.551,0
20.561,0
20.571,0
20.581,0
20.591,0
20.601,0
20.611,0
20.621,0
20.631,0
20.641,0
20.651,0
20.661,0
20.671,0
20.681,0
20.691,0
20.701,0
20.711,0
20.721,0
20.731,0
20.741,0
20.751,0
20.761,0
20.771,0
20.781,0
20.791,0
20.801,0
20.811,0
20.821,0
20.831,0
20.841,0
20.851,0
20.861,0
20.871,0
20.881,0
20.891,0
20.901,0
20.911,0
20.921,0
20.931,0
20.941,0
20.951,0
20.961,0
20.971,0
20.981,0
20.991,0
21.001,0
21.011,0
21.021,0
21.031,0
21.041,0
21.051,0
21.061,0
21.071,0
21.081,0
21.091,0
21.101,0
21.111,0
21.121,0
21.131,0
21.141,0
21.151,0
21.161,0
21.171,0
21.181,0
21.191,0
21.201,0
21.211,0
21.221,0
21.231,0
21.241,0
21.251,0
21.261,0
21.271,0
21.281,0
21.291,0
21.301,0
21.311,0
21.321,0
21.331,0
21.341,0
21.351,0
21.361,0
21.371,0
21.381,0
21.391,0
21.401,0
21.411,0
21.421,0
21.431,0
21.441,0
21.451,0
21.461,0
21.471,0
21.481,0
21.491,0
21.501,0
21.511,0
21.521,0
21.531,0
21.541,0
21.551,0
21.561,0
21.571,0
21.581,0
21.591,0
21.601,0
21.611,0
21.621,0
21.631,0
21.641,0
21.651,0
21.661,0
21.671,0
21.681,0
21.691,0
21.701,0
21.711,0
21.721,0
21.731,0
21.741,0
21.751,0
21.761,0
21.771,0
21.781,0
21.791,0
21.801,0
21.811,0
21.821,0
21.831,0
21.841,0
21.851,0
21.861,0
21.871,0
21.881,0
21.891,0
21.901,0
21.911,0
21.921,0
21.931,0
21.941,0
21.951,0
21.961,0
21.971,0
21.981,0
21.991,0
22.001,0
22.011,0
22.021,0
22.031,0
22.041,0
22.051,0
22.061,0
22.071,0
22.081,0
22.091,0
22.101,0
22.111,0
22.121,0
22.131,0
22.141,0
22.151,0
22.161,0
22.171,0
22.181,0
22.191,0
22.201,0
22.211,0
22.221,0
22.231,0
22.241,0
22.251,0
22.261,0
22.271,0
22.281,0
22.291,0
22.301,0
22.311,0
22.321,0
22.331,0
22.341,0
22.351,0
22.361,0
22.371,0
22.381,0
22.391,0
22.401,0
22.411,0
22.421,0
22.431,0
22.441,0
22.451,0
22.461,0
22.471,0
22.481,0
22.491,0
22.501,0
22.511,0
22.521,0
22.531,0
22.541,0
22.551,0
22.561,0
22.571,0
22.581,0
22.591,0
22.601,0
22.611,0
22.621,0
22.631,0
22.641,0
22.651,0
22.661,0
22.671,0
22.681,0
22.691,0
22.701,0
22.711,0
22.721,0
22.731,0
22.741,0
22.751,0
22.761,0
22.771,0
22.781,0
22.791,0
22.801,0
22.811,0
22.821,0
22.831,0
22.841,0
22.851,0
22.861,0
22.871,0
22.881,0
22.891,0
22.901,0
22.911,0
22.921,0
22.931,0
22.941,0
22.951,0
22.961,0
22.971,0
22.981,0
22.991,0
23.001,0
23.011,0
23.021,0
23.031,0
23.041,0
23.051,0
23.061,0
23.071,0
23.081,0
23.091,0
23.101,0
23.111,0
23.121,0
23.131,0
23.141,0
23.151,0
23.161,0
23.171,0
23.181,0
23.191,0
23.201,0
23.211,0
23.221,0
23.231,0
23.241,0
23.251,0
23.261,0
23.271,0
23.281,0
23.291,0
23.301,0
23.311,0
23.321,0
23.331,0
23.341,0
23.351,0
23.361,0
23.371,0
23.381,0
23.391,0
23.401,0
23.411,0
23.421,0
23.431,0
23.441,0
23.451,0
23.461,0
23.471,0
23.481,0
23.491,0
23.501,0
23.511,0
23.521,0
23.531,0
23.541,0
23.551,0
23.561,0
23.571,0
23.581,0
23.591,0
23.601,0
23.611,0
23.621,0
23.631,0
23.641,0
23.651,0
23.661,0
23.671,0
23.681,0
23.691,0
23.701,0
23.711,0
23.721,0
23.731,0
23.741,0
23.751,0
23.761,0
23.771,0
23.781,0
23.791,0
23.801,0
23.811,0
23.821,0
23.831,0
23.841,0
23.851,0
23.861,0
23.871,0
23.881,0
23.891,0
23.901,0
23.911,0
23.921,0
23.931,0
23.941,0
23.951,0
23.961,0
23.971,0
23.981,0
23.991,0
24.001,0
24.011,0
24.021,0
24.031,0
24.041,0
24.051,0
24.061,0
24.071,0
24.081,0
24.091,0
24.101,0
24.111,0
24.121,0
24.131,0
24.141,0
24.151,0
24.161,0
24.171,0
24.181,0
24.191,0
24.201,0
24.211,0
24.221,0
24.231,0
24.241,0
24.251,0
24.261,0
24.271,0
24.281,0
24.291,0
24.301,0
24.311,0
24.321,0
24.331,0
24.341,0
24.351,0
24.361,0
24.371,0
24.381,0
24.391,0
24.401,0
24.411,0
24.421,0
24.431,0
24.441,0
24.451,0
24.461,0
24.471,0
24.481,0
24.491,0
24.501,0
24.511,0
24.521,0
24.531,0
24.541,0
24.551,0
24.552,0
24.598,0
24.644,0
24.808,0
24.863,0
24.955,0
25.037,0
25.09,0
25.208,0
25.322,0
25.541,0
25.694,0
25.996,0
26.2,0
26.34,0
26.617,0
26.968,0
27.321,0
27.757,0
28.174,0
28.674,0
29.174,0
29.674,0
30.174,0
30.674,0
31.174,0
31.674,0
32.174,0
32.674,0
33.174,0
33.674,0
34.174,0
34.674,0
35.174,0
35.674,0
36.174,0
36.674,0
37.174,0
37.674,0
38.174,0
38.674,0
39.174,0
39.674,0
40.174,0
40.674,0
41.174,0
41.674,0
42.174,0
42.674,0
43.174,0
43.674,0
44.174,0
44.674,0
45.174,0
45.674,0
46.174,0
46.674,0
47.174,0
47.674,0
48.174,0
48.674,0
49.174,0
49.674,0
50.174,0
50.632,0
51.132,0
51.632,0
52.132,0
52.632,0
53.132,0
53.632,0
54.132,0
54.632,0
55.132,0
55.632,0
56.132,0
56.632,0
57.132,0
57.632,0
58.132,0
58.632,0
59.132,0
59.632,0
60.132,0
60.632,0
61.132,0
61.632,0
62.132,0
62.632,0
63.132,0
63.632,0
64.132,0
64.632,0
65.132,0
65.632,0
66.132,0
66.632,0
67.132,0
67.632,0
68.132,0
68.632,0
69.132,0
69.632,0
70.132,0
70.632,0
71.132,0
71.632,0
72.132,0
72.632,0
73.132,0
73.615,0
74.115,0
74.615,0
75.115,0
75.615,0
76.103,0
76.603,0
77.103,0
77.603,0
78.103,0
78.603,0
79.103,0
79.603,0
80.103,0
80.603,0
81.103,0
81.603,0
82.103,0
82.603,0
83.103,0
83.603,0
84.103,0
84.603,0
85.103,0
85.603,0
86.103,0
86.603,0
87.103,0
87.603,0
88.103,0
88.603,0
89.103,0
89.603,0
90.103,0
90.603,0
91.103,0
91.603,0
92.103,0
92.603,0
93.103,0
93.603,0
94.103,0
94.603,0
95.103,0
95.603,0
95.982,0
96.482,0
96.982,0
97.482,0
97.982,0
98.482,0
98.982,0
99.482,0
99.982,0
100.482,0
100.982,0
101.482,0
101.982,0
102.482,0
102.982,0
103.332,0
103.799,0
104.299,0
104.799,0
105.299,0
105.799,0
106.299,0
106.799,0
107.299,0
107.799,0
108.299,0
108.799,0
109.299,0
109.799,0
110.299,0
110.799,0
111.299,0
111.799,0
112.299,0
112.799,0
113.299,0
113.799,0
114.178,0
114.678,0
115.178,0
115.678,0
116.178,0
116.678,0
117.178,0
117.678,0
118.178,0
118.678,0
119.178,0
119.678,0
120.178,0
120.678,0
121.178,0
121.678,0
122.178,0
122.678,0
123.178,0
123.678,0
124.178,0
124.678,0
125.163,0
125.663,0
126.163,0
126.663,0
127.163,0
127.574,0
128.074,0
128.574,0
129.074,0
129.574,0
130.074,0
130.574,0
131.074,0
131.574,0
132.074,0
132.574,0
133.074,0
133.574,0
134.074,0
134.574,0
135.031,0
135.531,0
136.031,0
136.531,0
137.031,0
137.531,0
138.031,0
138.531,0
139.031,0
139.531,0
140.031,0
140.33,0
140.83,0
141.33,0
141.83,0
142.33,0
142.83,0
143.33,0
143.83,0
144.33,0
144.83,0
145.215,0
145.715,0
146.215,0
146.715,0
147.215,0
147.715,0
148.215,0
148.715,0
149.215,0
149.715,0
150.215,0
150.715,0
151.215,0
151.715,0
152.215,0
152.715,0
153.215,0
153.715,0
154.215,0
154.715,0
155.215,0
155.715,0
156.215,0
156.715,0
157.215,0
157.715,0
158.215,0
158.715,0
159.215,0
159.715,0
160.215,0
160.715,0
161.215,0
161.715,0
162.215,0
162.715,0
163.215,0
163.715,0
164.215,0
164.715,0
165.215,0
165.715,0
166.215,0
166.715,0
167.215,0
167.715,0
168.215,0
168.715,0
169.002,0
169.471,0
169.966,0
170.466,0
170.966,0
171.466,0
171.908,0
172.39,0
172.399,0
172.402,0
172.405,0
172.408,0
172.411,0
172.414,0
172.417,0
172.42,0
172.424,0
172.427,0
172.431,0
172.435,0
172.439,0
172.443,0
172.447,0
172.451,0
172.456,0
172.46,0
172.465,0
172.47,0
172.475,0
172.481,0
172.486,0
172.492,0
172.499,0
172.505,0
172.512,0
172.519,0
172.526,0
172.534,0
172.542,0
172.551,0
172.56,0
172.57,0
172.581,0
172.593,0
172.605,0
172.618,0
172.632,0
172.647,0
172.664,0
172.678,0
172.692,0
172.707,0
172.729,0
172.752,0
172.778,0
172.803,0
172.835,0
172.872,0
172.918,0
172.974,0
173.042,0
173.127,0
173.235,0
173.371,0
173.601,0
173.911,0
174.262,0
174.422,0
174.922,0
175.422,0
175.724,0
176.224,0
176.724,0
177.224,0
177.724,0
178.224,0
178.724,0
179.05,0
179.377,0
179.734,0
180.041,0
180.541,0
181.041,0
181.541,0
181.803,0
182.086,0
182.55,0
183.05,0
183.55,0
184.05,0
184.55,0
184.849,0
185.349,0
185.752,0
185.964,0
186.464,0
186.644,0
187.144,0
187.375,0
187.759,0
188.259,0
188.523,0
188.825,0
189.025,0
189.525,0
190.025,0
190.525,0
191.025,0
191.38,0
191.88,0
192.169,0
192.669,0
193.169,0
193.623,0
194.123,0
194.559,0
195.059,0
195.559,0
196.059,0
196.505,0
196.883,0
197.215,0
197.715,0
198.215,0
198.715,0
199.215,0
199.715,0
200.136,0
200.636,0
201.034,0
201.28,0
201.653,0
202.153,0
202.653,0
203.153,0
203.407,0
203.907,0
204.232,0
204.355,0
204.644,0
204.731,0
204.951,0
205.451,0
205.72,0
206.22,0
206.72,0
207.053,0
207.306,0
207.714,0
208.214,0
208.714,0
209.196,0
209.696,0
210.043,0
210.543,0
211.043,0
211.543,0
211.82,0
212.004,0
212.139,0
212.233,0
212.469,0
212.969,0
213.466,0
213.656,0
213.859,0
214.359,0
214.849,0
215.349,0
215.838,0
216.338,0
216.783,0
217.101,0
217.601,0
217.814,0
217.955,0
218.455,0
218.631,0
